"WidgetId","CreatedDate","CreateSubjectId","LastModifiedDate","LastModifiedSubjectId","Text","Width","Height"
"1","2/28/2021 3:56:40 AM","00000000-0000-0000-0000-000000000000","2/28/2021 3:56:40 AM","00000000-0000-0000-0000-000000000000","kilroy was here","1","2"
"2","2/28/2021 5:01:07 AM","00000000-0000-0000-0000-000000000000","2/28/2021 5:01:07 AM","00000000-0000-0000-0000-000000000000","kilroy was here","1","2"
"3","2/28/2021 5:03:56 AM","00000000-0000-0000-0000-000000000000","2/28/2021 5:03:56 AM","00000000-0000-0000-0000-000000000000","kilroy was here","1","2"
"4","2/28/2021 5:05:21 AM","00000000-0000-0000-0000-000000000000","2/28/2021 5:05:21 AM","00000000-0000-0000-0000-000000000000","kilroy was here","1","2"
"5","2/28/2021 5:08:54 AM","00000000-0000-0000-0000-000000000000","2/28/2021 5:08:54 AM","00000000-0000-0000-0000-000000000000","kilroy was here","1","2"
"6","2/28/2021 5:12:38 AM","00000000-0000-0000-0000-000000000000","2/28/2021 5:12:38 AM","00000000-0000-0000-0000-000000000000","kilroy was here","1","2"
"7","2/28/2021 5:27:10 AM","00000000-0000-0000-0000-000000000000","2/28/2021 5:27:10 AM","00000000-0000-0000-0000-000000000000","kilroy was here","1","2"
"8","2/28/2021 5:37:57 AM","00000000-0000-0000-0000-000000000000","2/28/2021 5:37:57 AM","00000000-0000-0000-0000-000000000000","kilroy was here","1","2"
"9","2/28/2021 5:40:00 AM","00000000-0000-0000-0000-000000000000","2/28/2021 5:40:00 AM","00000000-0000-0000-0000-000000000000","kilroy was here","1","2"
"10","2/28/2021 5:41:21 AM","00000000-0000-0000-0000-000000000000","2/28/2021 5:41:21 AM","00000000-0000-0000-0000-000000000000","kilroy was here","1","2"
"12","2/28/2021 5:36:56 PM","00000000-0000-0000-0000-000000000000","2/28/2021 5:36:56 PM","00000000-0000-0000-0000-000000000000","kilroy was here","1","2"
"13","3/4/2021 4:34:06 AM","00000000-0000-0000-0000-000000000000","3/4/2021 4:34:06 AM","00000000-0000-0000-0000-000000000000","kilroy was here","1","2"
"14","3/4/2021 4:37:53 AM","00000000-0000-0000-0000-000000000000","3/4/2021 4:37:53 AM","00000000-0000-0000-0000-000000000000","kilroy was here","1","2"
"15","3/13/2021 7:47:35 PM","00000000-0000-0000-0000-000000000000","3/13/2021 7:47:35 PM","00000000-0000-0000-0000-000000000000","kilroy was here","1","2"
"16","3/13/2021 8:00:33 PM","00000000-0000-0000-0000-000000000000","3/13/2021 8:00:33 PM","00000000-0000-0000-0000-000000000000","kilroy was here","1","2"
"17","3/13/2021 8:49:03 PM","00000000-0000-0000-0000-000000000000","3/13/2021 8:49:03 PM","00000000-0000-0000-0000-000000000000","kilroy was here","1","2"
"18","3/18/2021 3:46:16 AM","00000000-0000-0000-0000-000000000000","3/18/2021 3:46:16 AM","00000000-0000-0000-0000-000000000000","kilroy was here","1","2"
"19","3/18/2021 3:57:00 AM","00000000-0000-0000-0000-000000000000","3/18/2021 3:57:00 AM","00000000-0000-0000-0000-000000000000","kilroy was here","1","2"
